username,password_hash
khrystyna,3608d4a8f694d5129acbf7e9fc6d10ca0cbc3287efdbe935f2d4eacb26ed1525fe7c0afd8a4c35b22e4c33608661e075c82c00d963395ae60df4c1bd65fe4fbd
marta,41681d3dd2382b1e2161176357c251fb11d9b7415db440403e500b9c3430f3a62d607683a064c47957ce709d7c0e699743c6a5764923e7ed21efbe698199ee69
taras,77670511ff4e3876b63ce6decbe889d8120a2c9a802be482c28bfc93bc3f0f37520c1cc27a9eea3203158f59cad41b81a726e3903b9d67a3c1eebe7261981e1f
maksym,67f9562d67faf808fc930f6a70b5eec731aba49177b23ddd86c54edb8d144c98eec2a88e5907bfb8d477fea3ae379f538c946d7a7bfb745f9d68b347e8e2135b
admin,1070871960bbe712ace42d7c414af269a8ec2f7cc2e6a022e8327264d3849c28e4cb59dd7d8912d11dc521f76f1974e572d0d34d5fee204082af3f265f90166d
guest1,adc5c92e7398c2d19d7fbf88fb5be9b369d1d35290e03b747307d87817dab56c01cd6672ba1405e4ab32518dbf86df200fe5cadb08a3321c2d321a5d51204b20
user2,0681193a25d642c223e43e8b8abb8f0cc9ea2b7f05b2f5db9067b8b82a2f37193ea5973d388e7b511786701f7ea6ce6c092d179053ca8c8f3ab3954a6247f257
user3,5e046021d145a9a1a866206d45069b07d62268a7c22ccb6041cae28b7f7e2ff15a6878fb9a470c7a4995c075d09b107e6d9acedb232a209d8927791daff6bc89
user4,ddb3e8ed7ed542d173e0c971c54cf3d376e46ea7d83915d1584b154b3877b3d8b871efe8157a1e1742d0281fb6d839646d89ca6135369af4ca41220617c45036
user5,39c9adcac8a9dbf064f8a6530bfe96c61897b067c3e5d97beba8188a2c8a1a921a1838556a09512bc003ca35de41256fbb2ca7210e0fc8e90b051c42fc0bea3c
